sensor_type,mean_value,min_value,max_value,stddev_value,anomaly_rate_pct
humidity,25.71837837837837,10.71,39.4,9.257684949847379,
temperature,24.817500000000003,10.78,36.81,8.040851343146487,
pressure,26.02032258064516,11.23,38.94,7.759496755104233,
